-- Usuários
insert into endereco (id, bairro, cep, cidade, complemento, estado, logradouro, numero) values (1, 'Centro', '96083-130', 'Lavras do Sul', '', 'RS', 'Rua dos Bobos', 0);
insert into usuario (id, cpf, data_nascimento, email, id_endereco, nome, senha) values (null, '48044815759', '1980-01-01', 'usuario1@teste.com', 1, 'Anunciante', '12345');

insert into endereco (id, bairro, cep, cidade, complemento, estado, logradouro, numero) values (2, 'Centro', '96083-130', 'Lavras do Sul', '', 'RS', 'Rua dos Bobos', 0);
insert into usuario (id, cpf, data_nascimento, email, id_endereco, nome, senha) values (null, '81822614309', '1980-01-01', 'usuario2@teste.com', 2, 'Leonardo', '12345');

insert into endereco (id, bairro, cep, cidade, complemento, estado, logradouro, numero) values (3, 'Centro', '96083-130', 'Lavras do Sul', '', 'RS', 'Rua dos Bobos', 0);
insert into usuario (id, cpf, data_nascimento, email, id_endereco, nome, senha) values (null, '18618369292', '1980-01-01', 'usuario3@teste.com', 3, 'Bruno', '12345');

insert into endereco (id, bairro, cep, cidade, complemento, estado, logradouro, numero) values (4, 'Centro', '96083-130', 'Lavras do Sul', '', 'RS', 'Rua dos Bobos', 0);
insert into usuario (id, cpf, data_nascimento, email, id_endereco, nome, senha) values (null, '61287365213', '1980-01-01', 'usuario4@teste.com', 4, 'Alexandre', '12345');

insert into endereco (id, bairro, cep, cidade, complemento, estado, logradouro, numero) values (5, 'Centro', '96083-130', 'Lavras do Sul', '', 'RS', 'Rua dos Bobos', 0);
insert into usuario (id, cpf, data_nascimento, email, id_endereco, nome, senha) values (null, '58051861523', '1980-01-01', 'usuario5@teste.com', 5, 'Nome', '12345');

insert into endereco (id, bairro, cep, cidade, complemento, estado, logradouro, numero) values (6, 'Centro', '96083-130', 'Lavras do Sul', '', 'RS', 'Rua dos Bobos', 0);
insert into usuario (id, cpf, data_nascimento, email, id_endereco, nome, senha) values (null, '22227264250', '1980-01-01', 'usuario6@teste.com', 6, 'Nome', '12345');

insert into endereco (id, bairro, cep, cidade, complemento, estado, logradouro, numero) values (7, 'Centro', '96083-130', 'Lavras do Sul', '', 'RS', 'Rua dos Bobos', 0);
insert into usuario (id, cpf, data_nascimento, email, id_endereco, nome, senha) values (null, '87446245735', '1980-01-01', 'usuario7@teste.com', 7, 'Nome', '12345');

insert into endereco (id, bairro, cep, cidade, complemento, estado, logradouro, numero) values (8, 'Centro', '96083-130', 'Lavras do Sul', '', 'RS', 'Rua dos Bobos', 0);
insert into usuario (id, cpf, data_nascimento, email, id_endereco, nome, senha) values (null, '45883194346', '1980-01-01', 'usuario8@teste.com', 8, 'Nome', '12345');

insert into endereco (id, bairro, cep, cidade, complemento, estado, logradouro, numero) values (9, 'Centro', '96083-130', 'Lavras do Sul', '', 'RS', 'Rua dos Bobos', 0);
insert into usuario (id, cpf, data_nascimento, email, id_endereco, nome, senha) values (null, '35792320101', '1980-01-01', 'usuario9@teste.com', 9, 'Nome', '12345');

insert into endereco (id, bairro, cep, cidade, complemento, estado, logradouro, numero) values (10, 'Centro', '96083-130', 'Lavras do Sul', '', 'RS', 'Rua dos Bobos', 0)
insert into usuario (id, cpf, data_nascimento, email, id_endereco, nome, senha) values (null, '35748655624', '1980-01-01', 'usuario10@teste.com', 10, 'Nome', '12345')

insert into endereco (id, bairro, cep, cidade, complemento, estado, logradouro, numero) values (11, 'Centro', '96083-130', 'Lavras do Sul', '', 'RS', 'Rua dos Bobos', 0);
insert into usuario (id, cpf, data_nascimento, email, id_endereco, nome, senha) values (null, '76657659121', '1980-01-01', 'usuario11@teste.com', 11, 'Nome', '12345');

insert into endereco (id, bairro, cep, cidade, complemento, estado, logradouro, numero) values (12, 'Centro', '96083-130', 'Lavras do Sul', '', 'RS', 'Rua dos Bobos', 0);
insert into usuario (id, cpf, data_nascimento, email, id_endereco, nome, senha) values (null, '18588966573', '1980-01-01', 'usuario12@teste.com', 12, 'Nome', '12345');

insert into endereco (id, bairro, cep, cidade, complemento, estado, logradouro, numero) values (13, 'Centro', '96083-130', 'Lavras do Sul', '', 'RS', 'Rua dos Bobos', 0);
insert into usuario (id, cpf, data_nascimento, email, id_endereco, nome, senha) values (null, '71068287420', '1980-01-01', 'usuario13@teste.com', 13, 'Nome', '12345');

insert into endereco (id, bairro, cep, cidade, complemento, estado, logradouro, numero) values (14, 'Centro', '96083-130', 'Lavras do Sul', '', 'RS', 'Rua dos Bobos', 0);
insert into usuario (id, cpf, data_nascimento, email, id_endereco, nome, senha) values (null, '52741802050', '1980-01-01', 'usuario14@teste.com', 14, 'Nome', '12345');

insert into endereco (id, bairro, cep, cidade, complemento, estado, logradouro, numero) values (15, 'Centro', '96083-130', 'Lavras do Sul', '', 'RS', 'Rua dos Bobos', 0);
insert into usuario (id, cpf, data_nascimento, email, id_endereco, nome, senha) values (null, '49649371435', '1980-01-01', 'usuario15@teste.com', 15, 'Nome', '12345');

-- Imóveis
-- 1
insert into endereco (id, bairro, cep, cidade, complemento, estado, logradouro, numero) values (16, 'Canasvieiras', '98054-450', 'Florianópolis', '', 'SC', 'Rua das Traíras', '480');
insert into imovel (id, id_endereco, identificacao, id_proprietario, tipo_imovel, ativo) values (null, 16, 'Casa grande perto da praia', 1, 'CASA', true);
insert into caracteristica_imovel (id, descricao, id_imovel) values (null, '3 quartos', 1);
insert into caracteristica_imovel (id, descricao, id_imovel) values (null, '1 suíte', 1);

-- 2
insert into endereco (id, bairro, cep, cidade, complemento, estado, logradouro, numero) values (17, 'Canasvieiras', '98054-450', 'Florianópolis', '', 'SC', 'Rua das Traíras', '230');
insert into imovel (id, id_endereco, identificacao, id_proprietario, tipo_imovel, ativo) values (null, 17, 'Casa pequena perto da praia', 1, 'CASA', true);
insert into caracteristica_imovel (id, descricao, id_imovel) values (null, '2 quartos', 2);
insert into caracteristica_imovel (id, descricao, id_imovel) values (null, 'piscina', 2);

-- 3
insert into endereco (id, bairro, cep, cidade, complemento, estado, logradouro, numero) values (18, 'Centro', '98054-450', 'Florianópolis', '', 'SC', 'Rua Almirante Barroso', '48');
insert into imovel (id, id_endereco, identificacao, id_proprietario, tipo_imovel, ativo) values (null, 18, 'AP Mobiliado', 2, 'APARTAMENTO', true);
insert into caracteristica_imovel (id, descricao, id_imovel) values (null, '2 quartos', 3);
insert into caracteristica_imovel (id, descricao, id_imovel) values (null, 'dependência de empregada', 3);

-- 4
insert into endereco (id, bairro, cep, cidade, complemento, estado, logradouro, numero) values (19, 'Centro', '98054-450', 'Fortaleza', 'Quarto 808', 'CE', 'Rua da Praia', '1200');
insert into imovel (id, id_endereco, identificacao, id_proprietario, tipo_imovel, ativo) values (null, 19, 'Quarto amplo em hotel', 2, 'HOTEL', true);
insert into caracteristica_imovel (id, descricao, id_imovel) values (null, '2 quartos', 4);
insert into caracteristica_imovel (id, descricao, id_imovel) values (null, 'vista para praia', 4);

-- 5
insert into endereco (id, bairro, cep, cidade, complemento, estado, logradouro, numero) values (20, 'Centro', '98054-450', 'Garopaba', 'Quarto 808', 'SC', 'Rua Estreita', '216');
insert into imovel (id, id_endereco, identificacao, id_proprietario, tipo_imovel, ativo) values (null, 20, 'Pousada na praia do Rosa', 3, 'POUSADA', true);
insert into caracteristica_imovel (id, descricao, id_imovel) values (null, '5 cabanas', 5);
insert into caracteristica_imovel (id, descricao, id_imovel) values (null, 'rede', 5);
insert into caracteristica_imovel (id, descricao, id_imovel) values (null, 'internet rápida', 5);

-- 6
insert into endereco (id, bairro, cep, cidade, complemento, estado, logradouro, numero) values (21, 'Centro', '98054-450', 'Fortaleza', 'Quarto 808', 'CE', 'Rua da Praia', '1200');
insert into imovel (id, id_endereco, identificacao, id_proprietario, tipo_imovel, ativo) values (null, 21, 'Quarto amplo em hotel', 3, 'HOTEL', true);
insert into caracteristica_imovel (id, descricao, id_imovel) values (null, '2 quartos', 6);
insert into caracteristica_imovel (id, descricao, id_imovel) values (null, 'vista para praia', 6);

-- 7
insert into endereco (id, bairro, cep, cidade, complemento, estado, logradouro, numero) values (22, 'Canasvieiras', '98054-450', 'Florianópolis', '', 'SC', 'Rua das Traíras', '960');
insert into imovel (id, id_endereco, identificacao, id_proprietario, tipo_imovel, ativo) values (null, 22, 'Casa ampla para familia', 4, 'CASA', true);
insert into caracteristica_imovel (id, descricao, id_imovel) values (null, '6 quartos', 7);
insert into caracteristica_imovel (id, descricao, id_imovel) values (null, 'piscina', 7);
insert into caracteristica_imovel (id, descricao, id_imovel) values (null, 'churrasqueira', 7);

-- 8
insert into endereco (id, bairro, cep, cidade, complemento, estado, logradouro, numero) values (23, 'Centro', '98054-450', 'Fortaleza', 'Quarto 808', 'CE', 'Rua da Praia', '1200');
insert into imovel (id, id_endereco, identificacao, id_proprietario, tipo_imovel, ativo) values (null, 23, 'Quarto amplo em hotel', 4, 'HOTEL', true);
insert into caracteristica_imovel (id, descricao, id_imovel) values (null, '2 quartos', 8);
insert into caracteristica_imovel (id, descricao, id_imovel) values (null, 'vista para praia', 8);

-- 9
insert into endereco (id, bairro, cep, cidade, complemento, estado, logradouro, numero) values (24, 'Centro', '98054-450', 'Florianópolis', '', 'SC', 'Rua Almirante Barroso', '48');
insert into imovel (id, id_endereco, identificacao, id_proprietario, tipo_imovel, ativo) values (null, 24, 'AP Mobiliado', 4, 'APARTAMENTO', true);
insert into caracteristica_imovel (id, descricao, id_imovel) values (null, '2 quartos', 9);
insert into caracteristica_imovel (id, descricao, id_imovel) values (null, 'dependência de empregada', 9);

-- 10
insert into endereco (id, bairro, cep, cidade, complemento, estado, logradouro, numero) values (25, 'Centro', '98054-450', 'Florianópolis', '', 'SC', 'Rua Almirante Barroso', '48');
insert into imovel (id, id_endereco, identificacao, id_proprietario, tipo_imovel, ativo) values (null, 25, 'AP Mobiliado', 4, 'APARTAMENTO', true);
insert into caracteristica_imovel (id, descricao, id_imovel) values (null, '2 quartos', 10);
insert into caracteristica_imovel (id, descricao, id_imovel) values (null, 'dependência de empregada', 10);

-- 11
insert into endereco (id, bairro, cep, cidade, complemento, estado, logradouro, numero) values (26, 'Beira Mar', '98054-777', 'Florianópolis', '', 'SC', 'Rua Observador Beira Mar', '55');
insert into imovel (id, id_endereco, identificacao, id_proprietario, tipo_imovel, ativo) values (null, 26, 'Zona AP Mobiliado', 4, 'APARTAMENTO', true);
insert into caracteristica_imovel (id, descricao, id_imovel) values (null, '2 quartos', 10);
insert into caracteristica_imovel (id, descricao, id_imovel) values (null, 'dependência de empregada', 10);

-- 12
insert into endereco (id, bairro, cep, cidade, complemento, estado, logradouro, numero) values (27, 'Beira Mar', '98054-777', 'Florianópolis', '', 'SC', 'Rua Observador Beira Mar', '550');
insert into imovel (id, id_endereco, identificacao, id_proprietario, tipo_imovel, ativo) values (null, 27, 'Zona AP Semi Mobiliado', 4, 'APARTAMENTO', true);
insert into caracteristica_imovel (id, descricao, id_imovel) values (null, '3 quartos', 10);
insert into caracteristica_imovel (id, descricao, id_imovel) values (null, 'dependência de empregada', 10);

-- Anúncios

-- 1, com anunciante 1 e imovel 1
insert into anuncio (id, id_anunciante, descricao, ativo, id_imovel, tipo_anuncio, valor_diaria) values (null, 1, 'Flat na praia show de bola', true, 1, 'COMPLETO', 750);
insert into anuncio_formas_aceitas (anuncio_id, formas_aceitas) values (1, 'DINHEIRO');
insert into anuncio_formas_aceitas (anuncio_id, formas_aceitas) values (1, 'CARTAO_CREDITO');

-- 2, com anunciante 1 e imovel 2
insert into anuncio (id, id_anunciante, descricao, ativo, id_imovel, tipo_anuncio, valor_diaria) values (null, 1, 'Lindo apartamento em floripa', true, 2, 'COMPLETO', 250);
insert into anuncio_formas_aceitas (anuncio_id, formas_aceitas) values (2, 'DINHEIRO');
insert into anuncio_formas_aceitas (anuncio_id, formas_aceitas) values (2, 'PIX');

-- 3, com anunciante 2 e imovel 3
insert into anuncio (id, id_anunciante, descricao, ativo, id_imovel, tipo_anuncio, valor_diaria) values (null, 2, 'Apartamento de frente pro mar', true, 3, 'COMPLETO', 120);
insert into anuncio_formas_aceitas (anuncio_id, formas_aceitas) values (3, 'DINHEIRO');
insert into anuncio_formas_aceitas (anuncio_id, formas_aceitas) values (3, 'PIX');

-- 4, com anunciante 1 e imovel 4
insert into anuncio (id, id_anunciante, descricao, ativo, id_imovel, tipo_anuncio, valor_diaria) values (null, 1, 'Suite master no melhor hotel da ilha da magia', true, 4, 'QUARTO', 310);
insert into anuncio_formas_aceitas (anuncio_id, formas_aceitas) values (4, 'CARTAO_CREDITO');

-- 5, com anunciante 2 e imovel 5
insert into anuncio (id, id_anunciante, descricao, ativo, id_imovel, tipo_anuncio, valor_diaria) values (null, 2, 'Pousada no melhor local da praia do rosa', true, 5, 'QUARTO', 420);
insert into anuncio_formas_aceitas (anuncio_id, formas_aceitas) values (5, 'CARTAO_CREDITO');
insert into anuncio_formas_aceitas (anuncio_id, formas_aceitas) values (5, 'CARTAO_DEBITO');
insert into anuncio_formas_aceitas (anuncio_id, formas_aceitas) values (5, 'PIX');
insert into anuncio_formas_aceitas (anuncio_id, formas_aceitas) values (5, 'DINHEIRO');

-- 6, com anunciante 2 e imovel 6
insert into anuncio (id, id_anunciante, descricao, ativo, id_imovel, tipo_anuncio, valor_diaria) values (null, 2, 'Melhor quarto de hotel da plataforma', true, 6, 'QUARTO', 365);
insert into anuncio_formas_aceitas (anuncio_id, formas_aceitas) values (6, 'CARTAO_CREDITO');
insert into anuncio_formas_aceitas (anuncio_id, formas_aceitas) values (6, 'CARTAO_DEBITO');
insert into anuncio_formas_aceitas (anuncio_id, formas_aceitas) values (6, 'PIX');
insert into anuncio_formas_aceitas (anuncio_id, formas_aceitas) values (6, 'DINHEIRO');

-- 7, com anunciante 2 e imovel 7
insert into anuncio (id, id_anunciante, descricao, ativo, id_imovel, tipo_anuncio, valor_diaria) values (null, 2, 'Melhor casa de canas', true, 7, 'QUARTO', 880);
insert into anuncio_formas_aceitas (anuncio_id, formas_aceitas) values (7, 'CARTAO_CREDITO');

-- 8, com anunciante 2 e imovel 8
insert into anuncio (id, id_anunciante, descricao, ativo, id_imovel, tipo_anuncio, valor_diaria) values (null, 2, 'Quarto simples em hotel barato', true, 8, 'QUARTO', 80);
insert into anuncio_formas_aceitas (anuncio_id, formas_aceitas) values (8, 'DINHEIRO');

-- 9, com anunciante 2 e imovel 9
insert into anuncio (id, id_anunciante, descricao, ativo, id_imovel, tipo_anuncio, valor_diaria) values (null, 2, 'APTO bem localizado em floripa', true, 9, 'QUARTO', 680);
insert into anuncio_formas_aceitas (anuncio_id, formas_aceitas) values (9, 'DINHEIRO');
insert into anuncio_formas_aceitas (anuncio_id, formas_aceitas) values (9, 'CARTAO_CREDITO');

-- 10, com anunciante 2 e imovel 10
insert into anuncio (id, id_anunciante, descricao, ativo, id_imovel, tipo_anuncio, valor_diaria) values (null, 2, 'Ap barato na praia', true, 10, 'QUARTO', 120);
insert into anuncio_formas_aceitas (anuncio_id, formas_aceitas) values (10, 'DINHEIRO');
insert into anuncio_formas_aceitas (anuncio_id, formas_aceitas) values (10, 'CARTAO_CREDITO');

-- 11, anuncio ativo com anunciante 2 e imovel 12
insert into anuncio (id, id_anunciante, descricao, ativo, id_imovel, tipo_anuncio, valor_diaria) values (null, 2, 'Ap barato na praia', false, 12, 'QUARTO', 120);
insert into anuncio_formas_aceitas (anuncio_id, formas_aceitas) values (11, 'DINHEIRO');
insert into anuncio_formas_aceitas (anuncio_id, formas_aceitas) values (11, 'CARTAO_CREDITO');

-- Reservas
-- 1, com anuncio 1 e solicitante 2
insert into reserva (id, data_hora_reserva, forma_escolhida, status, valor_total ,data_hora_final, data_hora_inicial, quantidade_pessoas, id_anuncio, id_solicitante) values (null, CURRENT_TIMESTAMP, 'DINHEIRO', 'PENDENTE', '3750', '2021-01-06 12:00:00', '2021-01-01 14:00:00', 4, 1, 2);

-- 2, com anuncio 2 e solicitante 3
insert into reserva (id, data_hora_reserva, forma_escolhida, status, valor_total ,data_hora_final, data_hora_inicial, quantidade_pessoas, id_anuncio, id_solicitante) values (null, CURRENT_TIMESTAMP, 'PIX', 'PENDENTE', '500', '2021-01-12 12:00:00', '2021-01-10 14:00:00', 2, 2, 3);

-- 3, com anuncio 1 e solicitante 3
insert into reserva (id, data_hora_reserva, forma_escolhida, status, valor_total ,data_hora_final, data_hora_inicial, quantidade_pessoas, id_anuncio, id_solicitante) values (null, CURRENT_TIMESTAMP, 'CARTAO_CREDITO', 'PENDENTE', '1500', '2021-01-12 12:00:00', '2021-01-10 14:00:00', 2, 1, 3);

-- 4, com anuncio 1 e solicitante 4
insert into reserva (id, data_hora_reserva, forma_escolhida, status, valor_total ,data_hora_final, data_hora_inicial, quantidade_pessoas, id_anuncio, id_solicitante) values (null, CURRENT_TIMESTAMP, 'DINHEIRO', 'PENDENTE', '3750', '2021-01-20 12:00:00', '2021-01-15 14:00:00', 2, 1, 4);

-- 5, com anuncio 1 e solicitante 5
insert into reserva (id, data_hora_reserva, forma_escolhida, status, valor_total ,data_hora_final, data_hora_inicial, quantidade_pessoas, id_anuncio, id_solicitante) values (null, CURRENT_TIMESTAMP, 'DINHEIRO', 'PENDENTE', '750', '2021-01-23 12:00:00', '2021-01-12 14:00:00', 3, 1, 5);

-- 6, com anuncio 3 e solicitante 2
insert into reserva (id, data_hora_reserva, forma_escolhida, status, valor_total ,data_hora_final, data_hora_inicial, quantidade_pessoas, id_anuncio, id_solicitante) values (null, CURRENT_TIMESTAMP, 'PIX', 'PENDENTE', '1200', '2021-01-30 12:00:00', '2021-01-20 14:00:00', 3, 3, 2);

-- 7, com anuncio 4 e solicitante 2
insert into reserva (id, data_hora_reserva, forma_escolhida, status, valor_total ,data_hora_final, data_hora_inicial, quantidade_pessoas, id_anuncio, id_solicitante) values (null, CURRENT_TIMESTAMP, 'CARTAO_CREDITO', 'PENDENTE', '930', '2021-03-10 12:00:00', '2021-03-07 14:00:00', 3, 4, 2);

-- 8, com anuncio 5 e solicitante 3
insert into reserva (id, data_hora_reserva, forma_escolhida, status, valor_total ,data_hora_final, data_hora_inicial, quantidade_pessoas, id_anuncio, id_solicitante) values (null, CURRENT_TIMESTAMP, 'DINHEIRO', 'PAGO', '5460', '2021-03-13 12:00:00', '2021-03-01 14:00:00', 3, 5, 3);

-- 9, com anuncio 5 e solicitante 3
insert into reserva (id, data_hora_reserva, forma_escolhida, status, valor_total ,data_hora_final, data_hora_inicial, quantidade_pessoas, id_anuncio, id_solicitante) values (null, CURRENT_TIMESTAMP, 'DINHEIRO', 'ESTORNADO', '420', '2021-03-15 12:00:00', '2021-03-14 14:00:00', 3, 5, 3);

-- 10, com anuncio 5 e solicitante 3
insert into reserva (id, data_hora_reserva, forma_escolhida, status, valor_total ,data_hora_final, data_hora_inicial, quantidade_pessoas, id_anuncio, id_solicitante) values (null, CURRENT_TIMESTAMP, 'DINHEIRO', 'CANCELADO', '420', '2021-03-17 12:00:00', '2021-03-16 14:00:00', 3, 5, 3);
